{
    "scene_name": "Scene",
    "objects": [
        {
            "name": "Camera",
            "type": "CAMERA",
            "location": [
                7.358891487121582,
                -6.925790786743164,
                4.958309173583984
            ],
            "gaze_vector_direction": [
                -0.6515582203865051,
                0.6141703724861145,
                -0.44527140259742737
            ],
            "up_vector": [
                -0.32401347160339355,
                0.3054208755493164,
                0.8953956365585327
            ],
            "focal_length": 50.0,
            "sensor_width": 36.0,
            "sensor_height": 24.0,
            "sensor_fit": "AUTO",
            "film_resolution": [
                1920,
                1080
            ]
        },
        {
            "name": "Light",
            "type": "LIGHT",
            "location": [
                4.076245307922363,
                1.0054539442062378,
                5.903861999511719
            ],
            "id": 79.57747154594767,
            "is": 79.57747154594767
        },
        {
            "name": "Sphere",
            "type": "MESH",
            "shape": "SPHERE",
            "location": [
                0.0,
                0.0,
                0.0
            ],
            "rotation_euler_rad": [
                0.0,
                0.0,
                0.0
            ],
            "scale": [
                1.0,
                1.0,
                1.0
            ],
            "material": {
                "ka": 0.1,
                "kd": 0.5,
                "ks": 0.5,
                "shininess": 1920.0,
                "reflectivity": 0.3,
                "transparancy": 0.0,
                "ior": 1.5,
                "base_colour": [
                    255,
                    255,
                    255
                ],
                "texture": {
                    "absolute_path": "/home/jhocking542/Downloads/tex2.ppm"
                }
            }
        }
    ]
}