{
    "scene_name": "Scene",
    "objects": [
        {
            "name": "Camera",
            "type": "CAMERA",
            "location": [
                -0.21887612342834473,
                -1.9492876529693604,
                2.8152225017547607
            ],
            "gaze_vector_direction": [
                1.5908148270682432e-05,
                0.6658648252487183,
                -0.7460724115371704
            ],
            "up_vector": [
                6.659010978182778e-06,
                0.7460723519325256,
                0.6658648252487183
            ],
            "focal_length": 20.0,
            "sensor_width": 36.0,
            "sensor_height": 24.0,
            "sensor_fit": "AUTO",
            "film_resolution": [
                1920,
                1080
            ]
        },
        {
            "name": "CameraLight",
            "type": "LIGHT",
            "location": [
                2.5,
                -2.5,
                2.0
            ],
            "id": 47.7464829275686,
            "is": 47.7464829275686
        },
        {
            "name": "Cube",
            "type": "MESH",
            "shape": "CUBE",
            "translation": [
                -4.0368876457214355,
                5.130509853363037,
                -1.3690075874328613
            ],
            "rotation_euler_rad": [
                3.2544970512390137,
                5.234445095062256,
                5.617432594299316
            ],
            "scale": [
                0.5226110816001892,
                0.5226110816001892,
                0.5226110816001892
            ],
            "material": {
                "ka": 0.3,
                "kd": 0.5,
                "ks": 0.3,
                "shininess": 1216.558912026071,
                "reflectivity": 0.1,
                "transparancy": 0.0,
                "ior": 1.5,
                "base_colour": [
                    251,
                    182,
                    113
                ]
            }
        },
        {
            "name": "Cube.001",
            "type": "MESH",
            "shape": "CUBE",
            "translation": [
                -4.030557155609131,
                5.7752838134765625,
                -2.250230073928833
            ],
            "rotation_euler_rad": [
                4.783927917480469,
                0.759971022605896,
                5.127797603607178
            ],
            "scale": [
                0.8221979737281799,
                0.8221979737281799,
                0.8221979737281799
            ],
            "material": {
                "ka": 0.3,
                "kd": 0.5,
                "ks": 0.3,
                "shininess": 1965.5822000700834,
                "reflectivity": 0.1,
                "transparancy": 0.0,
                "ior": 1.5,
                "base_colour": [
                    83,
                    209,
                    123
                ]
            }
        },
        {
            "name": "Cube.002",
            "type": "MESH",
            "shape": "CUBE",
            "translation": [
                -3.212053060531616,
                1.813398003578186,
                -5.444151878356934
            ],
            "rotation_euler_rad": [
                1.9615691900253296,
                3.5929508209228516,
                1.2673012018203735
            ],
            "scale": [
                0.5069361925125122,
                0.5069361925125122,
                0.5069361925125122
            ],
            "material": {
                "ka": 0.3,
                "kd": 0.5,
                "ks": 0.3,
                "shininess": 1532.2845616709765,
                "reflectivity": 0.1,
                "transparancy": 0.0,
                "ior": 1.5,
                "base_colour": [
                    73,
                    163,
                    78
                ]
            }
        },
        {
            "name": "Plane",
            "type": "MESH",
            "shape": "PLANE",
            "corners_world": [
                [
                    4.98101282119751,
                    1.251345157623291,
                    -2.286146879196167
                ],
                [
                    2.978757381439209,
                    0.05143040418624878,
                    -1.7085950374603271
                ],
                [
                    3.818012237548828,
                    2.318948745727539,
                    -4.099993705749512
                ],
                [
                    1.815756916999817,
                    1.1190340518951416,
                    -3.5224416255950928
                ]
            ],
            "material": {
                "ka": 0.3,
                "kd": 0.5,
                "ks": 0.3,
                "shininess": 1756.0550119017262,
                "reflectivity": 0.1,
                "transparancy": 0.0,
                "ior": 1.5,
                "base_colour": [
                    17,
                    204,
                    75
                ]
            }
        },
        {
            "name": "Plane.001",
            "type": "MESH",
            "shape": "PLANE",
            "corners_world": [
                [
                    2.449350595474243,
                    2.1421220302581787,
                    1.2203140258789062
                ],
                [
                    -0.9379912614822388,
                    1.456465482711792,
                    0.1689664125442505
                ],
                [
                    3.0161619186401367,
                    4.006236553192139,
                    -1.8216166496276855
                ],
                [
                    -0.3711797297000885,
                    3.320580244064331,
                    -2.872964382171631
                ]
            ],
            "material": {
                "ka": 0.3,
                "kd": 0.5,
                "ks": 0.3,
                "shininess": 2047.5553118871908,
                "reflectivity": 0.1,
                "transparancy": 0.0,
                "ior": 1.5,
                "base_colour": [
                    198,
                    151,
                    249
                ]
            }
        },
        {
            "name": "Plane.002",
            "type": "MESH",
            "shape": "PLANE",
            "corners_world": [
                [
                    -0.4969705045223236,
                    5.145768642425537,
                    0.49179407954216003
                ],
                [
                    -3.0895469188690186,
                    4.453990936279297,
                    -0.033835798501968384
                ],
                [
                    -1.295979619026184,
                    7.693865776062012,
                    1.0792328119277954
                ],
                [
                    -3.8885562419891357,
                    7.0020880699157715,
                    0.553602933883667
                ]
            ],
            "material": {
                "ka": 0.3,
                "kd": 0.5,
                "ks": 0.3,
                "shininess": 2032.1108235917955,
                "reflectivity": 0.1,
                "transparancy": 0.0,
                "ior": 1.5,
                "base_colour": [
                    165,
                    123,
                    214
                ]
            }
        },
        {
            "name": "Plane.003",
            "type": "MESH",
            "shape": "PLANE",